{
  "formatVersion": 1,
  "database": {
    "version": 1,
    "entities": [
      {
        "tableName": "tea",
        "fields": [
          {
            "fieldPath": "id",
            "columnName": "id",
            "affinity": "INTEGER",
            "notNull": true
          },
          {
            "fieldPath": "name",
            "columnName": "name",
            "affinity": "TEXT",
            "notNull": true
          },
          {
            "fieldPath": "type",
            "columnName": "type",
            "affinity": "TEXT",
            "notNull": true
          },
          {
            "fieldPath": "origin",
            "columnName": "origin",
            "affinity": "TEXT",
            "notNull": true
          },
          {
            "fieldPath": "steepTimeMs",
            "columnName": "steep_time",
            "affinity": "INTEGER",
            "notNull": true
          },
          {
            "fieldPath": "description",
            "columnName": "description",
            "affinity": "TEXT",
            "notNull": true
          },
          {
            "fieldPath": "ingredients",
            "columnName": "ingredients",
            "affinity": "TEXT",
            "notNull": true
          },
          {
            "fieldPath": "caffeineLevel",
            "columnName": "caffeine",
            "affinity": "TEXT",
            "notNull": true
          },
          {
            "fieldPath": "isFavorite",
            "columnName": "favorite",
            "affinity": "INTEGER",
            "notNull": true
          }
        ],
        "primaryKey": {
          "columnNames": [
            "id"
          ],
          "autoGenerate": true
        }
      }
    ]
  }
}